{"1": {"M": 7, "W": 0, "Mil": 7, "Civ": 0, "pctM": 1.0, "pctW": 0.0, "pctMil": 1.0, "pctCiv": 0.0}, "2": {"M": 9, "W": 0, "Mil": 7, "Civ": 2, "pctM": 1.0, "pctW": 0.0, "pctMil": 0.7777777777777778, "pctCiv": 0.2222222222222222}, "3": {"M": 15, "W": 0, "Mil": 14, "Civ": 1, "pctM": 1.0, "pctW": 0.0, "pctMil": 0.9333333333333333, "pctCiv": 0.06666666666666667}, "4": {"M": 6, "W": 0, "Mil": 1, "Civ": 5, "pctM": 1.0, "pctW": 0.0, "pctMil": 0.16666666666666666, "pctCiv": 0.8333333333333334}, "5": {"M": 19, "W": 0, "Mil": 15, "Civ": 4, "pctM": 1.0, "pctW": 0.0, "pctMil": 0.7894736842105263, "pctCiv": 0.21052631578947367}, "6": {"M": 11, "W": 0, "Mil": 0, "Civ": 11, "pctM": 1.0, "pctW": 0.0, "pctMil": 0.0, "pctCiv": 1.0}, "7": {"M": 7, "W": 0, "Mil": 7, "Civ": 0, "pctM": 1.0, "pctW": 0.0, "pctMil": 1.0, "pctCiv": 0.0}, "8": {"M": 29, "W": 6, "Mil": 21, "Civ": 14, "pctM": 0.8285714285714286, "pctW": 0.17142857142857143, "pctMil": 0.6, "pctCiv": 0.4}, "9": {"M": 17, "W": 2, "Mil": 13, "Civ": 6, "pctM": 0.8947368421052632, "pctW": 0.10526315789473684, "pctMil": 0.6842105263157895, "pctCiv": 0.3157894736842105}, "10": {"M": 14, "W": 3, "Mil": 12, "Civ": 5, "pctM": 0.8235294117647058, "pctW": 0.17647058823529413, "pctMil": 0.7058823529411765, "pctCiv": 0.29411764705882354}, "11": {"M": 11, "W": 2, "Mil": 8, "Civ": 5, "pctM": 0.8461538461538461, "pctW": 0.15384615384615385, "pctMil": 0.6153846153846154, "pctCiv": 0.38461538461538464}, "12": {"M": 13, "W": 2, "Mil": 11, "Civ": 4, "pctM": 0.8666666666666667, "pctW": 0.13333333333333333, "pctMil": 0.7333333333333333, "pctCiv": 0.26666666666666666}, "13": {"M": 17, "W": 5, "Mil": 12, "Civ": 10, "pctM": 0.7727272727272727, "pctW": 0.22727272727272727, "pctMil": 0.5454545454545454, "pctCiv": 0.45454545454545453}, "14": {"M": 16, "W": 3, "Mil": 9, "Civ": 10, "pctM": 0.8421052631578947, "pctW": 0.15789473684210525, "pctMil": 0.47368421052631576, "pctCiv": 0.5263157894736842}, "15": {"M": 14, "W": 5, "Mil": 14, "Civ": 5, "pctM": 0.7368421052631579, "pctW": 0.2631578947368421, "pctMil": 0.7368421052631579, "pctCiv": 0.2631578947368421}, "16": {"M": 27, "W": 8, "Mil": 22, "Civ": 13, "pctM": 0.7714285714285715, "pctW": 0.22857142857142856, "pctMil": 0.6285714285714286, "pctCiv": 0.37142857142857144}, "17": {"M": 21, "W": 4, "Mil": 14, "Civ": 11, "pctM": 0.84, "pctW": 0.16, "pctMil": 0.56, "pctCiv": 0.44}, "18": {"M": 14, "W": 3, "Mil": 12, "Civ": 5, "pctM": 0.8235294117647058, "pctW": 0.17647058823529413, "pctMil": 0.7058823529411765, "pctCiv": 0.29411764705882354}, "19": {"M": 9, "W": 2, "Mil": 4, "Civ": 7, "pctM": 0.8181818181818182, "pctW": 0.18181818181818182, "pctMil": 0.36363636363636365, "pctCiv": 0.6363636363636364}, "20": {"M": 6, "W": 3, "Mil": 4, "Civ": 5, "pctM": 0.6666666666666666, "pctW": 0.3333333333333333, "pctMil": 0.4444444444444444, "pctCiv": 0.5555555555555556}, "21": {"M": 4, "W": 4, "Mil": 6, "Civ": 2, "pctM": 0.5, "pctW": 0.5, "pctMil": 0.75, "pctCiv": 0.25}, "22": {"M": 6, "W": 6, "Mil": 7, "Civ": 5, "pctM": 0.5, "pctW": 0.5, "pctMil": 0.5833333333333334, "pctCiv": 0.4166666666666667}}