{"1": {"M": 7, "W": 0, "pctM": 1.0, "pctW": 0.0}, "2": {"M": 9, "W": 0, "pctM": 1.0, "pctW": 0.0}, "3": {"M": 15, "W": 0, "pctM": 1.0, "pctW": 0.0}, "4": {"M": 6, "W": 0, "pctM": 1.0, "pctW": 0.0}, "5": {"M": 19, "W": 0, "pctM": 1.0, "pctW": 0.0}, "6": {"M": 11, "W": 0, "pctM": 1.0, "pctW": 0.0}, "7": {"M": 7, "W": 0, "pctM": 1.0, "pctW": 0.0}, "8": {"M": 29, "W": 6, "pctM": 0.8285714285714286, "pctW": 0.17142857142857143}, "9": {"M": 17, "W": 2, "pctM": 0.8947368421052632, "pctW": 0.10526315789473684}, "10": {"M": 14, "W": 3, "pctM": 0.8235294117647058, "pctW": 0.17647058823529413}, "11": {"M": 11, "W": 2, "pctM": 0.8461538461538461, "pctW": 0.15384615384615385}, "12": {"M": 13, "W": 2, "pctM": 0.8666666666666667, "pctW": 0.13333333333333333}, "13": {"M": 17, "W": 5, "pctM": 0.7727272727272727, "pctW": 0.22727272727272727}, "14": {"M": 16, "W": 3, "pctM": 0.8421052631578947, "pctW": 0.15789473684210525}, "15": {"M": 14, "W": 5, "pctM": 0.7368421052631579, "pctW": 0.2631578947368421}, "16": {"M": 27, "W": 8, "pctM": 0.7714285714285715, "pctW": 0.22857142857142856}, "17": {"M": 21, "W": 4, "pctM": 0.84, "pctW": 0.16}, "18": {"M": 14, "W": 3, "pctM": 0.8235294117647058, "pctW": 0.17647058823529413}, "19": {"M": 9, "W": 2, "pctM": 0.8181818181818182, "pctW": 0.18181818181818182}, "20": {"M": 6, "W": 3, "pctM": 0.6666666666666666, "pctW": 0.3333333333333333}, "21": {"M": 4, "W": 4, "pctM": 0.5, "pctW": 0.5}, "22": {"M": 6, "W": 6, "pctM": 0.5, "pctW": 0.5}}